<?xml version="1.0" encoding="UTF-8" ?>
<!-- This is a WordPress eXtended RSS file generated by WordPress as an export of your site. -->
<!-- It contains information about your site's posts, pages, comments, categories, and other content. -->
<!-- You may use this file to transfer that content from one site to another. -->
<!-- This file is not intended to serve as a complete backup of your site. -->

<!-- To import this information into a WordPress site follow these steps: -->
<!-- 1. Log in to that site as an administrator. -->
<!-- 2. Go to Tools: Import in the WordPress admin panel. -->
<!-- 3. Install the "WordPress" importer from the list. -->
<!-- 4. Activate & Run Importer. -->
<!-- 5. Upload this file using the form provided on that page. -->
<!-- 6. You will first be asked to map the authors in this export file to users -->
<!--    on the site. For each author, you may choose to map to an -->
<!--    existing user on the site or to create a new user. -->
<!-- 7. WordPress will then import each of the posts, pages, comments, categories, etc. -->
<!--    contained in this file into your site. -->

	<!-- generator="WordPress/6.1.1" created="2023-01-14 14:54" -->
<rss version="2.0"
	xmlns:excerpt="http://wordpress.org/export/1.2/excerpt/"
	xmlns:content="http://purl.org/rss/1.0/modules/content/"
	xmlns:wfw="http://wellformedweb.org/CommentAPI/"
	xmlns:dc="http://purl.org/dc/elements/1.1/"
	xmlns:wp="http://wordpress.org/export/1.2/"
>

<channel>
	<title>space520</title>
	<link>http://space520.42web.io</link>
	<description>一名中学生的小网站</description>
	<pubDate>Sat, 14 Jan 2023 14:54:12 +0000</pubDate>
	<language>zh-CN</language>
	<wp:wxr_version>1.2</wp:wxr_version>
	<wp:base_site_url>http://space520.42web.io</wp:base_site_url>
	<wp:base_blog_url>http://space520.42web.io</wp:base_blog_url>

		<wp:author><wp:author_id>1</wp:author_id><wp:author_login><![CDATA[1400246315@qq.com]]></wp:author_login><wp:author_email><![CDATA[1400246315@qq.com]]></wp:author_email><wp:author_display_name><![CDATA[space520]]></wp:author_display_name><wp:author_first_name><![CDATA[]]></wp:author_first_name><wp:author_last_name><![CDATA[]]></wp:author_last_name></wp:author>
	<wp:author><wp:author_id>4</wp:author_id><wp:author_login><![CDATA[space520]]></wp:author_login><wp:author_email><![CDATA[god_2077@outlook.com]]></wp:author_email><wp:author_display_name><![CDATA[space520]]></wp:author_display_name><wp:author_first_name><![CDATA[]]></wp:author_first_name><wp:author_last_name><![CDATA[]]></wp:author_last_name></wp:author>

				
	<generator>https://wordpress.org/?v=6.1.1</generator>

<image>
	<url>http://space520.42web.io/wp-content/uploads/2023/01/cropped-j4-before-32x32.jpg</url>
	<title>space520</title>
	<link>http://space520.42web.io</link>
	<width>32</width>
	<height>32</height>
</image> 

		<item>
		<title><![CDATA[j4-before]]></title>
		<link>http://space520.42web.io/j4-before/</link>
		<pubDate>Sun, 01 Jan 2023 15:06:02 +0000</pubDate>
		<dc:creator><![CDATA[1400246315@qq.com]]></dc:creator>
		<guid isPermaLink="false">http://space520.42web.io/wp-content/uploads/2023/01/j4-before.jpg</guid>
		<description></description>
		<content:encoded><![CDATA[]]></content:encoded>
		<excerpt:encoded><![CDATA[]]></excerpt:encoded>
		<wp:post_id>5</wp:post_id>
		<wp:post_date><![CDATA[2023-01-01 15:06:02]]></wp:post_date>
		<wp:post_date_gmt><![CDATA[2023-01-01 15:06:02]]></wp:post_date_gmt>
		<wp:post_modified><![CDATA[2023-01-01 15:06:02]]></wp:post_modified>
		<wp:post_modified_gmt><![CDATA[2023-01-01 15:06:02]]></wp:post_modified_gmt>
		<wp:comment_status><![CDATA[open]]></wp:comment_status>
		<wp:ping_status><![CDATA[closed]]></wp:ping_status>
		<wp:post_name><![CDATA[j4-before]]></wp:post_name>
		<wp:status><![CDATA[inherit]]></wp:status>
		<wp:post_parent>0</wp:post_parent>
		<wp:menu_order>0</wp:menu_order>
		<wp:post_type><![CDATA[attachment]]></wp:post_type>
		<wp:post_password><![CDATA[]]></wp:post_password>
		<wp:is_sticky>0</wp:is_sticky>
						<wp:attachment_url><![CDATA[http://space520.42web.io/wp-content/uploads/2023/01/j4-before.jpg]]></wp:attachment_url>
											<wp:postmeta>
		<wp:meta_key><![CDATA[_wp_attached_file]]></wp:meta_key>
		<wp:meta_value><![CDATA[2023/01/j4-before.jpg]]></wp:meta_value>
		</wp:postmeta>
							<wp:postmeta>
		<wp:meta_key><![CDATA[_wp_attachment_metadata]]></wp:meta_key>
		<wp:meta_value><![CDATA[a:6:{s:5:"width";i:800;s:6:"height";i:600;s:4:"file";s:21:"2023/01/j4-before.jpg";s:8:"filesize";i:64765;s:5:"sizes";a:3:{s:6:"medium";a:5:{s:4:"file";s:21:"j4-before-300x225.jpg";s:5:"width";i:300;s:6:"height";i:225;s:9:"mime-type";s:10:"image/jpeg";s:8:"filesize";i:16567;}s:9:"thumbnail";a:5:{s:4:"file";s:21:"j4-before-150x150.jpg";s:5:"width";i:150;s:6:"height";i:150;s:9:"mime-type";s:10:"image/jpeg";s:8:"filesize";i:7538;}s:12:"medium_large";a:5:{s:4:"file";s:21:"j4-before-768x576.jpg";s:5:"width";i:768;s:6:"height";i:576;s:9:"mime-type";s:10:"image/jpeg";s:8:"filesize";i:62050;}}s:10:"image_meta";a:12:{s:8:"aperture";s:1:"0";s:6:"credit";s:0:"";s:6:"camera";s:0:"";s:7:"caption";s:0:"";s:17:"created_timestamp";s:1:"0";s:9:"copyright";s:0:"";s:12:"focal_length";s:1:"0";s:3:"iso";s:1:"0";s:13:"shutter_speed";s:1:"0";s:5:"title";s:0:"";s:11:"orientation";s:1:"0";s:8:"keywords";a:0:{}}}]]></wp:meta_value>
		</wp:postmeta>
							</item>
					<item>
		<title><![CDATA[稻香]]></title>
		<link>http://space520.42web.io/2023/01/02/%e7%bd%91%e7%9b%98/%e5%bf%83%e7%81%b5%e7%9a%84%e8%b4%a8%e9%87%8f%e3%80%90%e6%88%91%e7%9a%84%e4%b8%89%e4%bd%93-%e7%a8%8b%e5%bf%83%e8%a7%92%e8%89%b2%e6%ad%8c%e3%80%91%ef%bc%88%e7%bf%bb%e8%87%aa-%e5%88%9d%e9%9f%b3%e3%83%9f/</link>
		<pubDate>Mon, 02 Jan 2023 04:40:45 +0000</pubDate>
		<dc:creator><![CDATA[1400246315@qq.com]]></dc:creator>
		<guid isPermaLink="false">http://space520.42web.io/wp-content/uploads/2023/01/心灵的质量【我的三体-程心角色歌】（翻自-初音ミク）-.mp3</guid>
		<description></description>
		<content:encoded><![CDATA[稻香]]></content:encoded>
		<excerpt:encoded><![CDATA[]]></excerpt:encoded>
		<wp:post_id>14</wp:post_id>
		<wp:post_date><![CDATA[2023-01-02 04:40:45]]></wp:post_date>
		<wp:post_date_gmt><![CDATA[2023-01-02 04:40:45]]></wp:post_date_gmt>
		<wp:post_modified><![CDATA[2023-01-03 15:55:29]]></wp:post_modified>
		<wp:post_modified_gmt><![CDATA[2023-01-03 15:55:29]]></wp:post_modified_gmt>
		<wp:comment_status><![CDATA[open]]></wp:comment_status>
		<wp:ping_status><![CDATA[closed]]></wp:ping_status>
		<wp:post_name><![CDATA[%e5%bf%83%e7%81%b5%e7%9a%84%e8%b4%a8%e9%87%8f%e3%80%90%e6%88%91%e7%9a%84%e4%b8%89%e4%bd%93-%e7%a8%8b%e5%bf%83%e8%a7%92%e8%89%b2%e6%ad%8c%e3%80%91%ef%bc%88%e7%bf%bb%e8%87%aa-%e5%88%9d%e9%9f%b3%e3%83%9f]]></wp:post_name>
		<wp:status><![CDATA[inherit]]></wp:status>
		<wp:post_parent>13</wp:post_parent>
		<wp:menu_order>0</wp:menu_order>
		<wp:post_type><![CDATA[attachment]]></wp:post_type>
		<wp:post_password><![CDATA[]]></wp:post_password>
		<wp:is_sticky>0</wp:is_sticky>
						<wp:attachment_url><![CDATA[http://space520.42web.io/wp-content/uploads/2023/01/心灵的质量【我的三体-程心角色歌】（翻自-初音ミク）-.mp3]]></wp:attachment_url>
											<wp:postmeta>
		<wp:meta_key><![CDATA[_wp_attached_file]]></wp:meta_key>
		<wp:meta_value><![CDATA[2023/01/心灵的质量【我的三体-程心角色歌】（翻自-初音ミク）-.mp3]]></wp:meta_value>
		</wp:postmeta>
							<wp:postmeta>
		<wp:meta_key><![CDATA[_wp_attachment_metadata]]></wp:meta_key>
		<wp:meta_value><![CDATA[a:17:{s:10:"dataformat";s:3:"mp3";s:8:"channels";i:2;s:11:"sample_rate";i:44100;s:7:"bitrate";d:128014.8973302955855615437030792236328125;s:11:"channelmode";s:6:"stereo";s:12:"bitrate_mode";s:3:"cbr";s:8:"lossless";b:0;s:15:"encoder_options";s:6:"CBR128";s:17:"compression_ratio";d:0.09071350434403031848251686142248217947781085968017578125;s:10:"fileformat";s:3:"mp3";s:8:"filesize";i:3577774;s:9:"mime_type";s:10:"audio/mpeg";s:6:"length";i:224;s:16:"length_formatted";s:4:"3:44";s:16:"encoder_settings";s:13:"Lavf57.83.100";s:6:"artist";s:0:"";s:5:"album";s:0:"";}]]></wp:meta_value>
		</wp:postmeta>
							<wp:postmeta>
		<wp:meta_key><![CDATA[_edit_last]]></wp:meta_key>
		<wp:meta_value><![CDATA[1]]></wp:meta_value>
		</wp:postmeta>
							</item>
					<item>
		<title><![CDATA[cropped-j4-before.jpg]]></title>
		<link>http://space520.42web.io/cropped-j4-before-jpg/</link>
		<pubDate>Tue, 03 Jan 2023 09:41:59 +0000</pubDate>
		<dc:creator><![CDATA[1400246315@qq.com]]></dc:creator>
		<guid isPermaLink="false">http://space520.42web.io/wp-content/uploads/2023/01/cropped-j4-before.jpg</guid>
		<description></description>
		<content:encoded><![CDATA[http://space520.42web.io/wp-content/uploads/2023/01/cropped-j4-before.jpg]]></content:encoded>
		<excerpt:encoded><![CDATA[]]></excerpt:encoded>
		<wp:post_id>46</wp:post_id>
		<wp:post_date><![CDATA[2023-01-03 09:41:59]]></wp:post_date>
		<wp:post_date_gmt><![CDATA[2023-01-03 09:41:59]]></wp:post_date_gmt>
		<wp:post_modified><![CDATA[2023-01-03 09:41:59]]></wp:post_modified>
		<wp:post_modified_gmt><![CDATA[2023-01-03 09:41:59]]></wp:post_modified_gmt>
		<wp:comment_status><![CDATA[open]]></wp:comment_status>
		<wp:ping_status><![CDATA[closed]]></wp:ping_status>
		<wp:post_name><![CDATA[cropped-j4-before-jpg]]></wp:post_name>
		<wp:status><![CDATA[inherit]]></wp:status>
		<wp:post_parent>0</wp:post_parent>
		<wp:menu_order>0</wp:menu_order>
		<wp:post_type><![CDATA[attachment]]></wp:post_type>
		<wp:post_password><![CDATA[]]></wp:post_password>
		<wp:is_sticky>0</wp:is_sticky>
						<wp:attachment_url><![CDATA[http://space520.42web.io/wp-content/uploads/2023/01/cropped-j4-before.jpg]]></wp:attachment_url>
											<wp:postmeta>
		<wp:meta_key><![CDATA[_wp_attachment_metadata]]></wp:meta_key>
		<wp:meta_value><![CDATA[a:6:{s:5:"width";i:512;s:6:"height";i:512;s:4:"file";s:29:"2023/01/cropped-j4-before.jpg";s:8:"filesize";i:39098;s:5:"sizes";a:6:{s:6:"medium";a:5:{s:4:"file";s:29:"cropped-j4-before-300x300.jpg";s:5:"width";i:300;s:6:"height";i:300;s:9:"mime-type";s:10:"image/jpeg";s:8:"filesize";i:18939;}s:9:"thumbnail";a:5:{s:4:"file";s:29:"cropped-j4-before-150x150.jpg";s:5:"width";i:150;s:6:"height";i:150;s:9:"mime-type";s:10:"image/jpeg";s:8:"filesize";i:7059;}s:13:"site_icon-270";a:5:{s:4:"file";s:29:"cropped-j4-before-270x270.jpg";s:5:"width";i:270;s:6:"height";i:270;s:9:"mime-type";s:10:"image/jpeg";s:8:"filesize";i:16313;}s:13:"site_icon-192";a:5:{s:4:"file";s:29:"cropped-j4-before-192x192.jpg";s:5:"width";i:192;s:6:"height";i:192;s:9:"mime-type";s:10:"image/jpeg";s:8:"filesize";i:9805;}s:13:"site_icon-180";a:5:{s:4:"file";s:29:"cropped-j4-before-180x180.jpg";s:5:"width";i:180;s:6:"height";i:180;s:9:"mime-type";s:10:"image/jpeg";s:8:"filesize";i:9288;}s:12:"site_icon-32";a:5:{s:4:"file";s:27:"cropped-j4-before-32x32.jpg";s:5:"width";i:32;s:6:"height";i:32;s:9:"mime-type";s:10:"image/jpeg";s:8:"filesize";i:1164;}}s:10:"image_meta";a:12:{s:8:"aperture";s:1:"0";s:6:"credit";s:0:"";s:6:"camera";s:0:"";s:7:"caption";s:0:"";s:17:"created_timestamp";s:1:"0";s:9:"copyright";s:0:"";s:12:"focal_length";s:1:"0";s:3:"iso";s:1:"0";s:13:"shutter_speed";s:1:"0";s:5:"title";s:0:"";s:11:"orientation";s:1:"0";s:8:"keywords";a:0:{}}}]]></wp:meta_value>
		</wp:postmeta>
							<wp:postmeta>
		<wp:meta_key><![CDATA[_wp_attached_file]]></wp:meta_key>
		<wp:meta_value><![CDATA[2023/01/cropped-j4-before.jpg]]></wp:meta_value>
		</wp:postmeta>
							<wp:postmeta>
		<wp:meta_key><![CDATA[_wp_attachment_context]]></wp:meta_key>
		<wp:meta_value><![CDATA[site-icon]]></wp:meta_value>
		</wp:postmeta>
							<wp:postmeta>
		<wp:meta_key><![CDATA[_oembed_8df84c28f72af12df1342905b5ef2709]]></wp:meta_key>
		<wp:meta_value><![CDATA[{{unknown}}]]></wp:meta_value>
		</wp:postmeta>
							</item>
					<item>
		<title><![CDATA[cropped-cropped-j4-before.jpg]]></title>
		<link>http://space520.42web.io/cropped-cropped-j4-before-jpg/</link>
		<pubDate>Tue, 03 Jan 2023 09:42:14 +0000</pubDate>
		<dc:creator><![CDATA[1400246315@qq.com]]></dc:creator>
		<guid isPermaLink="false">http://space520.42web.io/wp-content/uploads/2023/01/cropped-cropped-j4-before.jpg</guid>
		<description></description>
		<content:encoded><![CDATA[http://space520.42web.io/wp-content/uploads/2023/01/cropped-j4-before.jpg]]></content:encoded>
		<excerpt:encoded><![CDATA[]]></excerpt:encoded>
		<wp:post_id>47</wp:post_id>
		<wp:post_date><![CDATA[2023-01-03 09:42:14]]></wp:post_date>
		<wp:post_date_gmt><![CDATA[2023-01-03 09:42:14]]></wp:post_date_gmt>
		<wp:post_modified><![CDATA[2023-01-03 09:42:14]]></wp:post_modified>
		<wp:post_modified_gmt><![CDATA[2023-01-03 09:42:14]]></wp:post_modified_gmt>
		<wp:comment_status><![CDATA[open]]></wp:comment_status>
		<wp:ping_status><![CDATA[closed]]></wp:ping_status>
		<wp:post_name><![CDATA[cropped-cropped-j4-before-jpg]]></wp:post_name>
		<wp:status><![CDATA[inherit]]></wp:status>
		<wp:post_parent>0</wp:post_parent>
		<wp:menu_order>0</wp:menu_order>
		<wp:post_type><![CDATA[attachment]]></wp:post_type>
		<wp:post_password><![CDATA[]]></wp:post_password>
		<wp:is_sticky>0</wp:is_sticky>
						<wp:attachment_url><![CDATA[http://space520.42web.io/wp-content/uploads/2023/01/cropped-cropped-j4-before.jpg]]></wp:attachment_url>
											<wp:postmeta>
		<wp:meta_key><![CDATA[_wp_attached_file]]></wp:meta_key>
		<wp:meta_value><![CDATA[2023/01/cropped-cropped-j4-before.jpg]]></wp:meta_value>
		</wp:postmeta>
							<wp:postmeta>
		<wp:meta_key><![CDATA[_wp_attachment_context]]></wp:meta_key>
		<wp:meta_value><![CDATA[custom-logo]]></wp:meta_value>
		</wp:postmeta>
							<wp:postmeta>
		<wp:meta_key><![CDATA[_wp_attachment_metadata]]></wp:meta_key>
		<wp:meta_value><![CDATA[a:6:{s:5:"width";i:512;s:6:"height";i:512;s:4:"file";s:37:"2023/01/cropped-cropped-j4-before.jpg";s:8:"filesize";i:39117;s:5:"sizes";a:2:{s:6:"medium";a:5:{s:4:"file";s:37:"cropped-cropped-j4-before-300x300.jpg";s:5:"width";i:300;s:6:"height";i:300;s:9:"mime-type";s:10:"image/jpeg";s:8:"filesize";i:18918;}s:9:"thumbnail";a:5:{s:4:"file";s:37:"cropped-cropped-j4-before-150x150.jpg";s:5:"width";i:150;s:6:"height";i:150;s:9:"mime-type";s:10:"image/jpeg";s:8:"filesize";i:7051;}}s:10:"image_meta";a:12:{s:8:"aperture";s:1:"0";s:6:"credit";s:0:"";s:6:"camera";s:0:"";s:7:"caption";s:0:"";s:17:"created_timestamp";s:1:"0";s:9:"copyright";s:0:"";s:12:"focal_length";s:1:"0";s:3:"iso";s:1:"0";s:13:"shutter_speed";s:1:"0";s:5:"title";s:0:"";s:11:"orientation";s:1:"0";s:8:"keywords";a:0:{}}}]]></wp:meta_value>
		</wp:postmeta>
							</item>
					<item>
		<title><![CDATA[QQ空间视频_202212250825201671927920197]]></title>
		<link>http://space520.42web.io/qq%e7%a9%ba%e9%97%b4%e8%a7%86%e9%a2%91_202212250825201671927920197/</link>
		<pubDate>Tue, 03 Jan 2023 14:59:26 +0000</pubDate>
		<dc:creator><![CDATA[1400246315@qq.com]]></dc:creator>
		<guid isPermaLink="false">http://space520.42web.io/wp-content/uploads/2023/01/QQ空间视频_202212250825201671927920197.mp4</guid>
		<description></description>
		<content:encoded><![CDATA[]]></content:encoded>
		<excerpt:encoded><![CDATA[]]></excerpt:encoded>
		<wp:post_id>67</wp:post_id>
		<wp:post_date><![CDATA[2023-01-03 14:59:26]]></wp:post_date>
		<wp:post_date_gmt><![CDATA[2023-01-03 14:59:26]]></wp:post_date_gmt>
		<wp:post_modified><![CDATA[2023-01-03 14:59:26]]></wp:post_modified>
		<wp:post_modified_gmt><![CDATA[2023-01-03 14:59:26]]></wp:post_modified_gmt>
		<wp:comment_status><![CDATA[open]]></wp:comment_status>
		<wp:ping_status><![CDATA[closed]]></wp:ping_status>
		<wp:post_name><![CDATA[qq%e7%a9%ba%e9%97%b4%e8%a7%86%e9%a2%91_202212250825201671927920197]]></wp:post_name>
		<wp:status><![CDATA[inherit]]></wp:status>
		<wp:post_parent>0</wp:post_parent>
		<wp:menu_order>0</wp:menu_order>
		<wp:post_type><![CDATA[attachment]]></wp:post_type>
		<wp:post_password><![CDATA[]]></wp:post_password>
		<wp:is_sticky>0</wp:is_sticky>
						<wp:attachment_url><![CDATA[http://space520.42web.io/wp-content/uploads/2023/01/QQ空间视频_202212250825201671927920197.mp4]]></wp:attachment_url>
											<wp:postmeta>
		<wp:meta_key><![CDATA[_wp_attached_file]]></wp:meta_key>
		<wp:meta_value><![CDATA[2023/01/QQ空间视频_202212250825201671927920197.mp4]]></wp:meta_value>
		</wp:postmeta>
							<wp:postmeta>
		<wp:meta_key><![CDATA[_wp_attachment_metadata]]></wp:meta_key>
		<wp:meta_value><![CDATA[a:10:{s:8:"filesize";i:2515039;s:9:"mime_type";s:9:"video/mp4";s:6:"length";i:17;s:16:"length_formatted";s:4:"0:17";s:5:"width";i:720;s:6:"height";i:1280;s:10:"fileformat";s:3:"mp4";s:10:"dataformat";s:9:"quicktime";s:5:"audio";a:7:{s:10:"dataformat";s:3:"mp4";s:5:"codec";s:19:"ISO/IEC 14496-3 AAC";s:11:"sample_rate";d:44100;s:8:"channels";i:2;s:15:"bits_per_sample";i:16;s:8:"lossless";b:0;s:11:"channelmode";s:6:"stereo";}s:17:"created_timestamp";i:-2082844800;}]]></wp:meta_value>
		</wp:postmeta>
							</item>
					<item>
		<title><![CDATA[1671927868322]]></title>
		<link>http://space520.42web.io/1671927868322/</link>
		<pubDate>Tue, 03 Jan 2023 15:59:50 +0000</pubDate>
		<dc:creator><![CDATA[1400246315@qq.com]]></dc:creator>
		<guid isPermaLink="false">http://space520.42web.io/wp-content/uploads/2023/01/1671927868322.jpeg</guid>
		<description></description>
		<content:encoded><![CDATA[]]></content:encoded>
		<excerpt:encoded><![CDATA[]]></excerpt:encoded>
		<wp:post_id>70</wp:post_id>
		<wp:post_date><![CDATA[2023-01-03 15:59:50]]></wp:post_date>
		<wp:post_date_gmt><![CDATA[2023-01-03 15:59:50]]></wp:post_date_gmt>
		<wp:post_modified><![CDATA[2023-01-03 15:59:50]]></wp:post_modified>
		<wp:post_modified_gmt><![CDATA[2023-01-03 15:59:50]]></wp:post_modified_gmt>
		<wp:comment_status><![CDATA[open]]></wp:comment_status>
		<wp:ping_status><![CDATA[closed]]></wp:ping_status>
		<wp:post_name><![CDATA[1671927868322]]></wp:post_name>
		<wp:status><![CDATA[inherit]]></wp:status>
		<wp:post_parent>0</wp:post_parent>
		<wp:menu_order>0</wp:menu_order>
		<wp:post_type><![CDATA[attachment]]></wp:post_type>
		<wp:post_password><![CDATA[]]></wp:post_password>
		<wp:is_sticky>0</wp:is_sticky>
						<wp:attachment_url><![CDATA[http://space520.42web.io/wp-content/uploads/2023/01/1671927868322.jpeg]]></wp:attachment_url>
											<wp:postmeta>
		<wp:meta_key><![CDATA[_wp_attached_file]]></wp:meta_key>
		<wp:meta_value><![CDATA[2023/01/1671927868322.jpeg]]></wp:meta_value>
		</wp:postmeta>
							<wp:postmeta>
		<wp:meta_key><![CDATA[_wp_attachment_metadata]]></wp:meta_key>
		<wp:meta_value><![CDATA[a:6:{s:5:"width";i:438;s:6:"height";i:587;s:4:"file";s:26:"2023/01/1671927868322.jpeg";s:8:"filesize";i:38804;s:5:"sizes";a:2:{s:6:"medium";a:5:{s:4:"file";s:26:"1671927868322-224x300.jpeg";s:5:"width";i:224;s:6:"height";i:300;s:9:"mime-type";s:10:"image/jpeg";s:8:"filesize";i:14803;}s:9:"thumbnail";a:5:{s:4:"file";s:26:"1671927868322-150x150.jpeg";s:5:"width";i:150;s:6:"height";i:150;s:9:"mime-type";s:10:"image/jpeg";s:8:"filesize";i:7084;}}s:10:"image_meta";a:12:{s:8:"aperture";s:1:"0";s:6:"credit";s:0:"";s:6:"camera";s:0:"";s:7:"caption";s:0:"";s:17:"created_timestamp";s:1:"0";s:9:"copyright";s:0:"";s:12:"focal_length";s:1:"0";s:3:"iso";s:1:"0";s:13:"shutter_speed";s:1:"0";s:5:"title";s:0:"";s:11:"orientation";s:1:"0";s:8:"keywords";a:0:{}}}]]></wp:meta_value>
		</wp:postmeta>
							</item>
					<item>
		<title><![CDATA[1671927877076]]></title>
		<link>http://space520.42web.io/1671927877076/</link>
		<pubDate>Tue, 03 Jan 2023 16:00:08 +0000</pubDate>
		<dc:creator><![CDATA[1400246315@qq.com]]></dc:creator>
		<guid isPermaLink="false">http://space520.42web.io/wp-content/uploads/2023/01/1671927877076.jpeg</guid>
		<description></description>
		<content:encoded><![CDATA[]]></content:encoded>
		<excerpt:encoded><![CDATA[]]></excerpt:encoded>
		<wp:post_id>71</wp:post_id>
		<wp:post_date><![CDATA[2023-01-03 16:00:08]]></wp:post_date>
		<wp:post_date_gmt><![CDATA[2023-01-03 16:00:08]]></wp:post_date_gmt>
		<wp:post_modified><![CDATA[2023-01-03 16:00:08]]></wp:post_modified>
		<wp:post_modified_gmt><![CDATA[2023-01-03 16:00:08]]></wp:post_modified_gmt>
		<wp:comment_status><![CDATA[open]]></wp:comment_status>
		<wp:ping_status><![CDATA[closed]]></wp:ping_status>
		<wp:post_name><![CDATA[1671927877076]]></wp:post_name>
		<wp:status><![CDATA[inherit]]></wp:status>
		<wp:post_parent>0</wp:post_parent>
		<wp:menu_order>0</wp:menu_order>
		<wp:post_type><![CDATA[attachment]]></wp:post_type>
		<wp:post_password><![CDATA[]]></wp:post_password>
		<wp:is_sticky>0</wp:is_sticky>
						<wp:attachment_url><![CDATA[http://space520.42web.io/wp-content/uploads/2023/01/1671927877076.jpeg]]></wp:attachment_url>
											<wp:postmeta>
		<wp:meta_key><![CDATA[_wp_attached_file]]></wp:meta_key>
		<wp:meta_value><![CDATA[2023/01/1671927877076.jpeg]]></wp:meta_value>
		</wp:postmeta>
							<wp:postmeta>
		<wp:meta_key><![CDATA[_wp_attachment_metadata]]></wp:meta_key>
		<wp:meta_value><![CDATA[a:6:{s:5:"width";i:463;s:6:"height";i:580;s:4:"file";s:26:"2023/01/1671927877076.jpeg";s:8:"filesize";i:33531;s:5:"sizes";a:2:{s:6:"medium";a:5:{s:4:"file";s:26:"1671927877076-239x300.jpeg";s:5:"width";i:239;s:6:"height";i:300;s:9:"mime-type";s:10:"image/jpeg";s:8:"filesize";i:12713;}s:9:"thumbnail";a:5:{s:4:"file";s:26:"1671927877076-150x150.jpeg";s:5:"width";i:150;s:6:"height";i:150;s:9:"mime-type";s:10:"image/jpeg";s:8:"filesize";i:5914;}}s:10:"image_meta";a:12:{s:8:"aperture";s:1:"0";s:6:"credit";s:0:"";s:6:"camera";s:0:"";s:7:"caption";s:0:"";s:17:"created_timestamp";s:1:"0";s:9:"copyright";s:0:"";s:12:"focal_length";s:1:"0";s:3:"iso";s:1:"0";s:13:"shutter_speed";s:1:"0";s:5:"title";s:0:"";s:11:"orientation";s:1:"0";s:8:"keywords";a:0:{}}}]]></wp:meta_value>
		</wp:postmeta>
							</item>
					<item>
		<title><![CDATA[image]]></title>
		<link>http://space520.42web.io/2023/01/04/%e8%a5%bf%e8%99%b9%e5%b8%82%e9%a6%96%e5%af%8c/image/</link>
		<pubDate>Wed, 04 Jan 2023 05:14:05 +0000</pubDate>
		<dc:creator><![CDATA[1400246315@qq.com]]></dc:creator>
		<guid isPermaLink="false">http://space520.42web.io/wp-content/uploads/2023/01/image.png</guid>
		<description></description>
		<content:encoded><![CDATA[]]></content:encoded>
		<excerpt:encoded><![CDATA[]]></excerpt:encoded>
		<wp:post_id>126</wp:post_id>
		<wp:post_date><![CDATA[2023-01-04 05:14:05]]></wp:post_date>
		<wp:post_date_gmt><![CDATA[2023-01-04 05:14:05]]></wp:post_date_gmt>
		<wp:post_modified><![CDATA[2023-01-04 05:14:05]]></wp:post_modified>
		<wp:post_modified_gmt><![CDATA[2023-01-04 05:14:05]]></wp:post_modified_gmt>
		<wp:comment_status><![CDATA[open]]></wp:comment_status>
		<wp:ping_status><![CDATA[closed]]></wp:ping_status>
		<wp:post_name><![CDATA[image]]></wp:post_name>
		<wp:status><![CDATA[inherit]]></wp:status>
		<wp:post_parent>125</wp:post_parent>
		<wp:menu_order>0</wp:menu_order>
		<wp:post_type><![CDATA[attachment]]></wp:post_type>
		<wp:post_password><![CDATA[]]></wp:post_password>
		<wp:is_sticky>0</wp:is_sticky>
						<wp:attachment_url><![CDATA[http://space520.42web.io/wp-content/uploads/2023/01/image.png]]></wp:attachment_url>
											<wp:postmeta>
		<wp:meta_key><![CDATA[_wp_attached_file]]></wp:meta_key>
		<wp:meta_value><![CDATA[2023/01/image.png]]></wp:meta_value>
		</wp:postmeta>
							<wp:postmeta>
		<wp:meta_key><![CDATA[_wp_attachment_metadata]]></wp:meta_key>
		<wp:meta_value><![CDATA[a:6:{s:5:"width";i:630;s:6:"height";i:881;s:4:"file";s:17:"2023/01/image.png";s:8:"filesize";i:982605;s:5:"sizes";a:2:{s:6:"medium";a:5:{s:4:"file";s:17:"image-215x300.png";s:5:"width";i:215;s:6:"height";i:300;s:9:"mime-type";s:9:"image/png";s:8:"filesize";i:149533;}s:9:"thumbnail";a:5:{s:4:"file";s:17:"image-150x150.png";s:5:"width";i:150;s:6:"height";i:150;s:9:"mime-type";s:9:"image/png";s:8:"filesize";i:53528;}}s:10:"image_meta";a:12:{s:8:"aperture";s:1:"0";s:6:"credit";s:0:"";s:6:"camera";s:0:"";s:7:"caption";s:0:"";s:17:"created_timestamp";s:1:"0";s:9:"copyright";s:0:"";s:12:"focal_length";s:1:"0";s:3:"iso";s:1:"0";s:13:"shutter_speed";s:1:"0";s:5:"title";s:0:"";s:11:"orientation";s:1:"0";s:8:"keywords";a:0:{}}}]]></wp:meta_value>
		</wp:postmeta>
							</item>
					<item>
		<title><![CDATA[image-1]]></title>
		<link>http://space520.42web.io/2023/01/04/%e8%b7%9f%e5%a6%b9%e5%a6%b9%e7%9a%84%e6%bf%95%e5%90%bbsex04-%e5%85%84%e5%a6%b9%e6%8f%b4%e4%ba%a4/image-1/</link>
		<pubDate>Wed, 04 Jan 2023 15:10:37 +0000</pubDate>
		<dc:creator><![CDATA[space520]]></dc:creator>
		<guid isPermaLink="false">http://space520.42web.io/wp-content/uploads/2023/01/image-1.png</guid>
		<description></description>
		<content:encoded><![CDATA[]]></content:encoded>
		<excerpt:encoded><![CDATA[]]></excerpt:encoded>
		<wp:post_id>169</wp:post_id>
		<wp:post_date><![CDATA[2023-01-04 15:10:37]]></wp:post_date>
		<wp:post_date_gmt><![CDATA[2023-01-04 15:10:37]]></wp:post_date_gmt>
		<wp:post_modified><![CDATA[2023-01-04 15:10:37]]></wp:post_modified>
		<wp:post_modified_gmt><![CDATA[2023-01-04 15:10:37]]></wp:post_modified_gmt>
		<wp:comment_status><![CDATA[open]]></wp:comment_status>
		<wp:ping_status><![CDATA[closed]]></wp:ping_status>
		<wp:post_name><![CDATA[image-1]]></wp:post_name>
		<wp:status><![CDATA[inherit]]></wp:status>
		<wp:post_parent>167</wp:post_parent>
		<wp:menu_order>0</wp:menu_order>
		<wp:post_type><![CDATA[attachment]]></wp:post_type>
		<wp:post_password><![CDATA[]]></wp:post_password>
		<wp:is_sticky>0</wp:is_sticky>
						<wp:attachment_url><![CDATA[http://space520.42web.io/wp-content/uploads/2023/01/image-1.png]]></wp:attachment_url>
											<wp:postmeta>
		<wp:meta_key><![CDATA[_wp_attachment_metadata]]></wp:meta_key>
		<wp:meta_value><![CDATA[a:6:{s:5:"width";i:790;s:6:"height";i:1191;s:4:"file";s:19:"2023/01/image-1.png";s:8:"filesize";i:1339654;s:5:"sizes";a:3:{s:6:"medium";a:5:{s:4:"file";s:19:"image-1-199x300.png";s:5:"width";i:199;s:6:"height";i:300;s:9:"mime-type";s:9:"image/png";s:8:"filesize";i:103535;}s:5:"large";a:5:{s:4:"file";s:20:"image-1-679x1024.png";s:5:"width";i:679;s:6:"height";i:1024;s:9:"mime-type";s:9:"image/png";s:8:"filesize";i:968515;}s:9:"thumbnail";a:5:{s:4:"file";s:19:"image-1-150x150.png";s:5:"width";i:150;s:6:"height";i:150;s:9:"mime-type";s:9:"image/png";s:8:"filesize";i:43769;}}s:10:"image_meta";a:12:{s:8:"aperture";s:1:"0";s:6:"credit";s:0:"";s:6:"camera";s:0:"";s:7:"caption";s:0:"";s:17:"created_timestamp";s:1:"0";s:9:"copyright";s:0:"";s:12:"focal_length";s:1:"0";s:3:"iso";s:1:"0";s:13:"shutter_speed";s:1:"0";s:5:"title";s:0:"";s:11:"orientation";s:1:"0";s:8:"keywords";a:0:{}}}]]></wp:meta_value>
		</wp:postmeta>
							<wp:postmeta>
		<wp:meta_key><![CDATA[_wp_attached_file]]></wp:meta_key>
		<wp:meta_value><![CDATA[2023/01/image-1.png]]></wp:meta_value>
		</wp:postmeta>
							</item>
					<item>
		<title><![CDATA[j4-after-jpghd]]></title>
		<link>http://space520.42web.io/j4-after-jpghd/</link>
		<pubDate>Wed, 04 Jan 2023 15:53:01 +0000</pubDate>
		<dc:creator><![CDATA[space520]]></dc:creator>
		<guid isPermaLink="false">http://space520.42web.io/wp-content/uploads/2023/01/j4-after-jpghd.jpg</guid>
		<description></description>
		<content:encoded><![CDATA[]]></content:encoded>
		<excerpt:encoded><![CDATA[]]></excerpt:encoded>
		<wp:post_id>175</wp:post_id>
		<wp:post_date><![CDATA[2023-01-04 15:53:01]]></wp:post_date>
		<wp:post_date_gmt><![CDATA[2023-01-04 15:53:01]]></wp:post_date_gmt>
		<wp:post_modified><![CDATA[2023-01-04 15:53:01]]></wp:post_modified>
		<wp:post_modified_gmt><![CDATA[2023-01-04 15:53:01]]></wp:post_modified_gmt>
		<wp:comment_status><![CDATA[open]]></wp:comment_status>
		<wp:ping_status><![CDATA[closed]]></wp:ping_status>
		<wp:post_name><![CDATA[j4-after-jpghd]]></wp:post_name>
		<wp:status><![CDATA[inherit]]></wp:status>
		<wp:post_parent>0</wp:post_parent>
		<wp:menu_order>0</wp:menu_order>
		<wp:post_type><![CDATA[attachment]]></wp:post_type>
		<wp:post_password><![CDATA[]]></wp:post_password>
		<wp:is_sticky>0</wp:is_sticky>
						<wp:attachment_url><![CDATA[http://space520.42web.io/wp-content/uploads/2023/01/j4-after-jpghd.jpg]]></wp:attachment_url>
											<wp:postmeta>
		<wp:meta_key><![CDATA[_wp_attachment_metadata]]></wp:meta_key>
		<wp:meta_value><![CDATA[a:6:{s:5:"width";i:800;s:6:"height";i:600;s:4:"file";s:26:"2023/01/j4-after-jpghd.jpg";s:8:"filesize";i:103700;s:5:"sizes";a:2:{s:6:"medium";a:5:{s:4:"file";s:26:"j4-after-jpghd-300x225.jpg";s:5:"width";i:300;s:6:"height";i:225;s:9:"mime-type";s:10:"image/jpeg";s:8:"filesize";i:21048;}s:9:"thumbnail";a:5:{s:4:"file";s:26:"j4-after-jpghd-150x150.jpg";s:5:"width";i:150;s:6:"height";i:150;s:9:"mime-type";s:10:"image/jpeg";s:8:"filesize";i:9175;}}s:10:"image_meta";a:12:{s:8:"aperture";s:1:"0";s:6:"credit";s:0:"";s:6:"camera";s:0:"";s:7:"caption";s:0:"";s:17:"created_timestamp";s:1:"0";s:9:"copyright";s:0:"";s:12:"focal_length";s:1:"0";s:3:"iso";s:1:"0";s:13:"shutter_speed";s:1:"0";s:5:"title";s:0:"";s:11:"orientation";s:1:"0";s:8:"keywords";a:0:{}}}]]></wp:meta_value>
		</wp:postmeta>
							<wp:postmeta>
		<wp:meta_key><![CDATA[_wp_attached_file]]></wp:meta_key>
		<wp:meta_value><![CDATA[2023/01/j4-after-jpghd.jpg]]></wp:meta_value>
		</wp:postmeta>
							</item>
					<item>
		<title><![CDATA[cropped-j4-after-jpghd.jpg]]></title>
		<link>http://space520.42web.io/cropped-j4-after-jpghd-jpg/</link>
		<pubDate>Wed, 04 Jan 2023 15:53:12 +0000</pubDate>
		<dc:creator><![CDATA[space520]]></dc:creator>
		<guid isPermaLink="false">http://space520.42web.io/wp-content/uploads/2023/01/cropped-j4-after-jpghd.jpg</guid>
		<description></description>
		<content:encoded><![CDATA[http://space520.42web.io/wp-content/uploads/2023/01/cropped-j4-after-jpghd.jpg]]></content:encoded>
		<excerpt:encoded><![CDATA[]]></excerpt:encoded>
		<wp:post_id>176</wp:post_id>
		<wp:post_date><![CDATA[2023-01-04 15:53:12]]></wp:post_date>
		<wp:post_date_gmt><![CDATA[2023-01-04 15:53:12]]></wp:post_date_gmt>
		<wp:post_modified><![CDATA[2023-01-04 15:53:12]]></wp:post_modified>
		<wp:post_modified_gmt><![CDATA[2023-01-04 15:53:12]]></wp:post_modified_gmt>
		<wp:comment_status><![CDATA[open]]></wp:comment_status>
		<wp:ping_status><![CDATA[closed]]></wp:ping_status>
		<wp:post_name><![CDATA[cropped-j4-after-jpghd-jpg]]></wp:post_name>
		<wp:status><![CDATA[inherit]]></wp:status>
		<wp:post_parent>0</wp:post_parent>
		<wp:menu_order>0</wp:menu_order>
		<wp:post_type><![CDATA[attachment]]></wp:post_type>
		<wp:post_password><![CDATA[]]></wp:post_password>
		<wp:is_sticky>0</wp:is_sticky>
						<wp:attachment_url><![CDATA[http://space520.42web.io/wp-content/uploads/2023/01/cropped-j4-after-jpghd.jpg]]></wp:attachment_url>
											<wp:postmeta>
		<wp:meta_key><![CDATA[_wp_attachment_metadata]]></wp:meta_key>
		<wp:meta_value><![CDATA[a:6:{s:5:"width";i:600;s:6:"height";i:600;s:4:"file";s:34:"2023/01/cropped-j4-after-jpghd.jpg";s:8:"filesize";i:82122;s:5:"sizes";a:2:{s:6:"medium";a:5:{s:4:"file";s:34:"cropped-j4-after-jpghd-300x300.jpg";s:5:"width";i:300;s:6:"height";i:300;s:9:"mime-type";s:10:"image/jpeg";s:8:"filesize";i:28523;}s:9:"thumbnail";a:5:{s:4:"file";s:34:"cropped-j4-after-jpghd-150x150.jpg";s:5:"width";i:150;s:6:"height";i:150;s:9:"mime-type";s:10:"image/jpeg";s:8:"filesize";i:9390;}}s:10:"image_meta";a:12:{s:8:"aperture";s:1:"0";s:6:"credit";s:0:"";s:6:"camera";s:0:"";s:7:"caption";s:0:"";s:17:"created_timestamp";s:1:"0";s:9:"copyright";s:0:"";s:12:"focal_length";s:1:"0";s:3:"iso";s:1:"0";s:13:"shutter_speed";s:1:"0";s:5:"title";s:0:"";s:11:"orientation";s:1:"0";s:8:"keywords";a:0:{}}}]]></wp:meta_value>
		</wp:postmeta>
							<wp:postmeta>
		<wp:meta_key><![CDATA[_wp_attachment_context]]></wp:meta_key>
		<wp:meta_value><![CDATA[custom-logo]]></wp:meta_value>
		</wp:postmeta>
							<wp:postmeta>
		<wp:meta_key><![CDATA[_wp_attached_file]]></wp:meta_key>
		<wp:meta_value><![CDATA[2023/01/cropped-j4-after-jpghd.jpg]]></wp:meta_value>
		</wp:postmeta>
							</item>
					<item>
		<title><![CDATA[image-2]]></title>
		<link>http://space520.42web.io/2023/01/10/%e3%80%90python%e3%80%917%e4%b8%aa%e9%9a%8f%e6%9c%ba%e4%ba%8c%e6%ac%a1%e5%85%83%e5%9b%be%e7%89%87api%e6%8e%a5%e5%8f%a3%e6%b1%87%e6%80%bb%ef%bc%88%e9%99%84%e7%bd%91%e9%a1%b5%e8%b0%83%e7%94%a8%e7%a4%ba/image-2/</link>
		<pubDate>Tue, 10 Jan 2023 04:36:06 +0000</pubDate>
		<dc:creator><![CDATA[space520]]></dc:creator>
		<guid isPermaLink="false">http://space520.42web.io/wp-content/uploads/2023/01/image-2.png</guid>
		<description></description>
		<content:encoded><![CDATA[]]></content:encoded>
		<excerpt:encoded><![CDATA[]]></excerpt:encoded>
		<wp:post_id>263</wp:post_id>
		<wp:post_date><![CDATA[2023-01-10 04:36:06]]></wp:post_date>
		<wp:post_date_gmt><![CDATA[2023-01-10 04:36:06]]></wp:post_date_gmt>
		<wp:post_modified><![CDATA[2023-01-10 04:36:06]]></wp:post_modified>
		<wp:post_modified_gmt><![CDATA[2023-01-10 04:36:06]]></wp:post_modified_gmt>
		<wp:comment_status><![CDATA[open]]></wp:comment_status>
		<wp:ping_status><![CDATA[closed]]></wp:ping_status>
		<wp:post_name><![CDATA[image-2]]></wp:post_name>
		<wp:status><![CDATA[inherit]]></wp:status>
		<wp:post_parent>262</wp:post_parent>
		<wp:menu_order>0</wp:menu_order>
		<wp:post_type><![CDATA[attachment]]></wp:post_type>
		<wp:post_password><![CDATA[]]></wp:post_password>
		<wp:is_sticky>0</wp:is_sticky>
						<wp:attachment_url><![CDATA[http://space520.42web.io/wp-content/uploads/2023/01/image-2.png]]></wp:attachment_url>
											<wp:postmeta>
		<wp:meta_key><![CDATA[_wp_attached_file]]></wp:meta_key>
		<wp:meta_value><![CDATA[2023/01/image-2.png]]></wp:meta_value>
		</wp:postmeta>
							<wp:postmeta>
		<wp:meta_key><![CDATA[_wp_attachment_metadata]]></wp:meta_key>
		<wp:meta_value><![CDATA[a:6:{s:5:"width";i:2048;s:6:"height";i:1152;s:4:"file";s:19:"2023/01/image-2.png";s:8:"filesize";i:4737779;s:5:"sizes";a:5:{s:6:"medium";a:5:{s:4:"file";s:19:"image-2-300x169.png";s:5:"width";i:300;s:6:"height";i:169;s:9:"mime-type";s:9:"image/png";s:8:"filesize";i:147234;}s:5:"large";a:5:{s:4:"file";s:20:"image-2-1024x576.png";s:5:"width";i:1024;s:6:"height";i:576;s:9:"mime-type";s:9:"image/png";s:8:"filesize";i:1545830;}s:9:"thumbnail";a:5:{s:4:"file";s:19:"image-2-150x150.png";s:5:"width";i:150;s:6:"height";i:150;s:9:"mime-type";s:9:"image/png";s:8:"filesize";i:66193;}s:12:"medium_large";a:5:{s:4:"file";s:19:"image-2-768x432.png";s:5:"width";i:768;s:6:"height";i:432;s:9:"mime-type";s:9:"image/png";s:8:"filesize";i:884241;}s:9:"1536x1536";a:5:{s:4:"file";s:20:"image-2-1536x864.png";s:5:"width";i:1536;s:6:"height";i:864;s:9:"mime-type";s:9:"image/png";s:8:"filesize";i:3152156;}}s:10:"image_meta";a:12:{s:8:"aperture";s:1:"0";s:6:"credit";s:0:"";s:6:"camera";s:0:"";s:7:"caption";s:0:"";s:17:"created_timestamp";s:1:"0";s:9:"copyright";s:0:"";s:12:"focal_length";s:1:"0";s:3:"iso";s:1:"0";s:13:"shutter_speed";s:1:"0";s:5:"title";s:0:"";s:11:"orientation";s:1:"0";s:8:"keywords";a:0:{}}}]]></wp:meta_value>
		</wp:postmeta>
							</item>
					<item>
		<title><![CDATA[image-3]]></title>
		<link>http://space520.42web.io/2023/01/10/%e3%80%90python%e3%80%917%e4%b8%aa%e9%9a%8f%e6%9c%ba%e4%ba%8c%e6%ac%a1%e5%85%83%e5%9b%be%e7%89%87api%e6%8e%a5%e5%8f%a3%e6%b1%87%e6%80%bb%ef%bc%88%e9%99%84%e7%bd%91%e9%a1%b5%e8%b0%83%e7%94%a8%e7%a4%ba/image-3/</link>
		<pubDate>Tue, 10 Jan 2023 04:38:41 +0000</pubDate>
		<dc:creator><![CDATA[space520]]></dc:creator>
		<guid isPermaLink="false">http://space520.42web.io/wp-content/uploads/2023/01/image-3.png</guid>
		<description></description>
		<content:encoded><![CDATA[]]></content:encoded>
		<excerpt:encoded><![CDATA[]]></excerpt:encoded>
		<wp:post_id>264</wp:post_id>
		<wp:post_date><![CDATA[2023-01-10 04:38:41]]></wp:post_date>
		<wp:post_date_gmt><![CDATA[2023-01-10 04:38:41]]></wp:post_date_gmt>
		<wp:post_modified><![CDATA[2023-01-10 04:38:41]]></wp:post_modified>
		<wp:post_modified_gmt><![CDATA[2023-01-10 04:38:41]]></wp:post_modified_gmt>
		<wp:comment_status><![CDATA[open]]></wp:comment_status>
		<wp:ping_status><![CDATA[closed]]></wp:ping_status>
		<wp:post_name><![CDATA[image-3]]></wp:post_name>
		<wp:status><![CDATA[inherit]]></wp:status>
		<wp:post_parent>262</wp:post_parent>
		<wp:menu_order>0</wp:menu_order>
		<wp:post_type><![CDATA[attachment]]></wp:post_type>
		<wp:post_password><![CDATA[]]></wp:post_password>
		<wp:is_sticky>0</wp:is_sticky>
						<wp:attachment_url><![CDATA[http://space520.42web.io/wp-content/uploads/2023/01/image-3.png]]></wp:attachment_url>
											<wp:postmeta>
		<wp:meta_key><![CDATA[_wp_attached_file]]></wp:meta_key>
		<wp:meta_value><![CDATA[2023/01/image-3.png]]></wp:meta_value>
		</wp:postmeta>
							<wp:postmeta>
		<wp:meta_key><![CDATA[_wp_attachment_metadata]]></wp:meta_key>
		<wp:meta_value><![CDATA[a:6:{s:5:"width";i:2048;s:6:"height";i:1152;s:4:"file";s:19:"2023/01/image-3.png";s:8:"filesize";i:2180731;s:5:"sizes";a:5:{s:6:"medium";a:5:{s:4:"file";s:19:"image-3-300x169.png";s:5:"width";i:300;s:6:"height";i:169;s:9:"mime-type";s:9:"image/png";s:8:"filesize";i:77503;}s:5:"large";a:5:{s:4:"file";s:20:"image-3-1024x576.png";s:5:"width";i:1024;s:6:"height";i:576;s:9:"mime-type";s:9:"image/png";s:8:"filesize";i:692540;}s:9:"thumbnail";a:5:{s:4:"file";s:19:"image-3-150x150.png";s:5:"width";i:150;s:6:"height";i:150;s:9:"mime-type";s:9:"image/png";s:8:"filesize";i:36855;}s:12:"medium_large";a:5:{s:4:"file";s:19:"image-3-768x432.png";s:5:"width";i:768;s:6:"height";i:432;s:9:"mime-type";s:9:"image/png";s:8:"filesize";i:426904;}s:9:"1536x1536";a:5:{s:4:"file";s:20:"image-3-1536x864.png";s:5:"width";i:1536;s:6:"height";i:864;s:9:"mime-type";s:9:"image/png";s:8:"filesize";i:1529257;}}s:10:"image_meta";a:12:{s:8:"aperture";s:1:"0";s:6:"credit";s:0:"";s:6:"camera";s:0:"";s:7:"caption";s:0:"";s:17:"created_timestamp";s:1:"0";s:9:"copyright";s:0:"";s:12:"focal_length";s:1:"0";s:3:"iso";s:1:"0";s:13:"shutter_speed";s:1:"0";s:5:"title";s:0:"";s:11:"orientation";s:1:"0";s:8:"keywords";a:0:{}}}]]></wp:meta_value>
		</wp:postmeta>
							</item>
					<item>
		<title><![CDATA[image-4]]></title>
		<link>http://space520.42web.io/2023/01/10/%e3%80%90python%e3%80%917%e4%b8%aa%e9%9a%8f%e6%9c%ba%e4%ba%8c%e6%ac%a1%e5%85%83%e5%9b%be%e7%89%87api%e6%8e%a5%e5%8f%a3%e6%b1%87%e6%80%bb%ef%bc%88%e9%99%84%e7%bd%91%e9%a1%b5%e8%b0%83%e7%94%a8%e7%a4%ba/image-4/</link>
		<pubDate>Tue, 10 Jan 2023 04:40:14 +0000</pubDate>
		<dc:creator><![CDATA[space520]]></dc:creator>
		<guid isPermaLink="false">http://space520.42web.io/wp-content/uploads/2023/01/image-4.png</guid>
		<description></description>
		<content:encoded><![CDATA[]]></content:encoded>
		<excerpt:encoded><![CDATA[]]></excerpt:encoded>
		<wp:post_id>265</wp:post_id>
		<wp:post_date><![CDATA[2023-01-10 04:40:14]]></wp:post_date>
		<wp:post_date_gmt><![CDATA[2023-01-10 04:40:14]]></wp:post_date_gmt>
		<wp:post_modified><![CDATA[2023-01-10 04:40:14]]></wp:post_modified>
		<wp:post_modified_gmt><![CDATA[2023-01-10 04:40:14]]></wp:post_modified_gmt>
		<wp:comment_status><![CDATA[open]]></wp:comment_status>
		<wp:ping_status><![CDATA[closed]]></wp:ping_status>
		<wp:post_name><![CDATA[image-4]]></wp:post_name>
		<wp:status><![CDATA[inherit]]></wp:status>
		<wp:post_parent>262</wp:post_parent>
		<wp:menu_order>0</wp:menu_order>
		<wp:post_type><![CDATA[attachment]]></wp:post_type>
		<wp:post_password><![CDATA[]]></wp:post_password>
		<wp:is_sticky>0</wp:is_sticky>
						<wp:attachment_url><![CDATA[http://space520.42web.io/wp-content/uploads/2023/01/image-4.png]]></wp:attachment_url>
											<wp:postmeta>
		<wp:meta_key><![CDATA[_wp_attached_file]]></wp:meta_key>
		<wp:meta_value><![CDATA[2023/01/image-4.png]]></wp:meta_value>
		</wp:postmeta>
							<wp:postmeta>
		<wp:meta_key><![CDATA[_wp_attachment_metadata]]></wp:meta_key>
		<wp:meta_value><![CDATA[a:6:{s:5:"width";i:2048;s:6:"height";i:1152;s:4:"file";s:19:"2023/01/image-4.png";s:8:"filesize";i:4737779;s:5:"sizes";a:5:{s:6:"medium";a:5:{s:4:"file";s:19:"image-4-300x169.png";s:5:"width";i:300;s:6:"height";i:169;s:9:"mime-type";s:9:"image/png";s:8:"filesize";i:147234;}s:5:"large";a:5:{s:4:"file";s:20:"image-4-1024x576.png";s:5:"width";i:1024;s:6:"height";i:576;s:9:"mime-type";s:9:"image/png";s:8:"filesize";i:1545830;}s:9:"thumbnail";a:5:{s:4:"file";s:19:"image-4-150x150.png";s:5:"width";i:150;s:6:"height";i:150;s:9:"mime-type";s:9:"image/png";s:8:"filesize";i:66193;}s:12:"medium_large";a:5:{s:4:"file";s:19:"image-4-768x432.png";s:5:"width";i:768;s:6:"height";i:432;s:9:"mime-type";s:9:"image/png";s:8:"filesize";i:884241;}s:9:"1536x1536";a:5:{s:4:"file";s:20:"image-4-1536x864.png";s:5:"width";i:1536;s:6:"height";i:864;s:9:"mime-type";s:9:"image/png";s:8:"filesize";i:3152156;}}s:10:"image_meta";a:12:{s:8:"aperture";s:1:"0";s:6:"credit";s:0:"";s:6:"camera";s:0:"";s:7:"caption";s:0:"";s:17:"created_timestamp";s:1:"0";s:9:"copyright";s:0:"";s:12:"focal_length";s:1:"0";s:3:"iso";s:1:"0";s:13:"shutter_speed";s:1:"0";s:5:"title";s:0:"";s:11:"orientation";s:1:"0";s:8:"keywords";a:0:{}}}]]></wp:meta_value>
		</wp:postmeta>
							</item>
					<item>
		<title><![CDATA[image-5]]></title>
		<link>http://space520.42web.io/2023/01/10/%e3%80%90python%e3%80%917%e4%b8%aa%e9%9a%8f%e6%9c%ba%e4%ba%8c%e6%ac%a1%e5%85%83%e5%9b%be%e7%89%87api%e6%8e%a5%e5%8f%a3%e6%b1%87%e6%80%bb%ef%bc%88%e9%99%84%e7%bd%91%e9%a1%b5%e8%b0%83%e7%94%a8%e7%a4%ba/image-5/</link>
		<pubDate>Tue, 10 Jan 2023 04:40:24 +0000</pubDate>
		<dc:creator><![CDATA[space520]]></dc:creator>
		<guid isPermaLink="false">http://space520.42web.io/wp-content/uploads/2023/01/image-5.png</guid>
		<description></description>
		<content:encoded><![CDATA[]]></content:encoded>
		<excerpt:encoded><![CDATA[]]></excerpt:encoded>
		<wp:post_id>266</wp:post_id>
		<wp:post_date><![CDATA[2023-01-10 04:40:24]]></wp:post_date>
		<wp:post_date_gmt><![CDATA[2023-01-10 04:40:24]]></wp:post_date_gmt>
		<wp:post_modified><![CDATA[2023-01-10 04:40:24]]></wp:post_modified>
		<wp:post_modified_gmt><![CDATA[2023-01-10 04:40:24]]></wp:post_modified_gmt>
		<wp:comment_status><![CDATA[open]]></wp:comment_status>
		<wp:ping_status><![CDATA[closed]]></wp:ping_status>
		<wp:post_name><![CDATA[image-5]]></wp:post_name>
		<wp:status><![CDATA[inherit]]></wp:status>
		<wp:post_parent>262</wp:post_parent>
		<wp:menu_order>0</wp:menu_order>
		<wp:post_type><![CDATA[attachment]]></wp:post_type>
		<wp:post_password><![CDATA[]]></wp:post_password>
		<wp:is_sticky>0</wp:is_sticky>
						<wp:attachment_url><![CDATA[http://space520.42web.io/wp-content/uploads/2023/01/image-5.png]]></wp:attachment_url>
											<wp:postmeta>
		<wp:meta_key><![CDATA[_wp_attached_file]]></wp:meta_key>
		<wp:meta_value><![CDATA[2023/01/image-5.png]]></wp:meta_value>
		</wp:postmeta>
							<wp:postmeta>
		<wp:meta_key><![CDATA[_wp_attachment_metadata]]></wp:meta_key>
		<wp:meta_value><![CDATA[a:6:{s:5:"width";i:2048;s:6:"height";i:1152;s:4:"file";s:19:"2023/01/image-5.png";s:8:"filesize";i:4737779;s:5:"sizes";a:5:{s:6:"medium";a:5:{s:4:"file";s:19:"image-5-300x169.png";s:5:"width";i:300;s:6:"height";i:169;s:9:"mime-type";s:9:"image/png";s:8:"filesize";i:147234;}s:5:"large";a:5:{s:4:"file";s:20:"image-5-1024x576.png";s:5:"width";i:1024;s:6:"height";i:576;s:9:"mime-type";s:9:"image/png";s:8:"filesize";i:1545830;}s:9:"thumbnail";a:5:{s:4:"file";s:19:"image-5-150x150.png";s:5:"width";i:150;s:6:"height";i:150;s:9:"mime-type";s:9:"image/png";s:8:"filesize";i:66193;}s:12:"medium_large";a:5:{s:4:"file";s:19:"image-5-768x432.png";s:5:"width";i:768;s:6:"height";i:432;s:9:"mime-type";s:9:"image/png";s:8:"filesize";i:884241;}s:9:"1536x1536";a:5:{s:4:"file";s:20:"image-5-1536x864.png";s:5:"width";i:1536;s:6:"height";i:864;s:9:"mime-type";s:9:"image/png";s:8:"filesize";i:3152156;}}s:10:"image_meta";a:12:{s:8:"aperture";s:1:"0";s:6:"credit";s:0:"";s:6:"camera";s:0:"";s:7:"caption";s:0:"";s:17:"created_timestamp";s:1:"0";s:9:"copyright";s:0:"";s:12:"focal_length";s:1:"0";s:3:"iso";s:1:"0";s:13:"shutter_speed";s:1:"0";s:5:"title";s:0:"";s:11:"orientation";s:1:"0";s:8:"keywords";a:0:{}}}]]></wp:meta_value>
		</wp:postmeta>
							</item>
					<item>
		<title><![CDATA[image-6]]></title>
		<link>http://space520.42web.io/2023/01/10/%e3%80%90python%e3%80%917%e4%b8%aa%e9%9a%8f%e6%9c%ba%e4%ba%8c%e6%ac%a1%e5%85%83%e5%9b%be%e7%89%87api%e6%8e%a5%e5%8f%a3%e6%b1%87%e6%80%bb%ef%bc%88%e9%99%84%e7%bd%91%e9%a1%b5%e8%b0%83%e7%94%a8%e7%a4%ba/image-6/</link>
		<pubDate>Tue, 10 Jan 2023 04:41:11 +0000</pubDate>
		<dc:creator><![CDATA[space520]]></dc:creator>
		<guid isPermaLink="false">http://space520.42web.io/wp-content/uploads/2023/01/image-6.png</guid>
		<description></description>
		<content:encoded><![CDATA[]]></content:encoded>
		<excerpt:encoded><![CDATA[]]></excerpt:encoded>
		<wp:post_id>267</wp:post_id>
		<wp:post_date><![CDATA[2023-01-10 04:41:11]]></wp:post_date>
		<wp:post_date_gmt><![CDATA[2023-01-10 04:41:11]]></wp:post_date_gmt>
		<wp:post_modified><![CDATA[2023-01-10 04:41:11]]></wp:post_modified>
		<wp:post_modified_gmt><![CDATA[2023-01-10 04:41:11]]></wp:post_modified_gmt>
		<wp:comment_status><![CDATA[open]]></wp:comment_status>
		<wp:ping_status><![CDATA[closed]]></wp:ping_status>
		<wp:post_name><![CDATA[image-6]]></wp:post_name>
		<wp:status><![CDATA[inherit]]></wp:status>
		<wp:post_parent>262</wp:post_parent>
		<wp:menu_order>0</wp:menu_order>
		<wp:post_type><![CDATA[attachment]]></wp:post_type>
		<wp:post_password><![CDATA[]]></wp:post_password>
		<wp:is_sticky>0</wp:is_sticky>
						<wp:attachment_url><![CDATA[http://space520.42web.io/wp-content/uploads/2023/01/image-6.png]]></wp:attachment_url>
											<wp:postmeta>
		<wp:meta_key><![CDATA[_wp_attached_file]]></wp:meta_key>
		<wp:meta_value><![CDATA[2023/01/image-6.png]]></wp:meta_value>
		</wp:postmeta>
							<wp:postmeta>
		<wp:meta_key><![CDATA[_wp_attachment_metadata]]></wp:meta_key>
		<wp:meta_value><![CDATA[a:6:{s:5:"width";i:1920;s:6:"height";i:1080;s:4:"file";s:19:"2023/01/image-6.png";s:8:"filesize";i:2573971;s:5:"sizes";a:5:{s:6:"medium";a:5:{s:4:"file";s:19:"image-6-300x169.png";s:5:"width";i:300;s:6:"height";i:169;s:9:"mime-type";s:9:"image/png";s:8:"filesize";i:92761;}s:5:"large";a:5:{s:4:"file";s:20:"image-6-1024x576.png";s:5:"width";i:1024;s:6:"height";i:576;s:9:"mime-type";s:9:"image/png";s:8:"filesize";i:815207;}s:9:"thumbnail";a:5:{s:4:"file";s:19:"image-6-150x150.png";s:5:"width";i:150;s:6:"height";i:150;s:9:"mime-type";s:9:"image/png";s:8:"filesize";i:43554;}s:12:"medium_large";a:5:{s:4:"file";s:19:"image-6-768x432.png";s:5:"width";i:768;s:6:"height";i:432;s:9:"mime-type";s:9:"image/png";s:8:"filesize";i:482408;}s:9:"1536x1536";a:5:{s:4:"file";s:20:"image-6-1536x864.png";s:5:"width";i:1536;s:6:"height";i:864;s:9:"mime-type";s:9:"image/png";s:8:"filesize";i:1758026;}}s:10:"image_meta";a:12:{s:8:"aperture";s:1:"0";s:6:"credit";s:0:"";s:6:"camera";s:0:"";s:7:"caption";s:0:"";s:17:"created_timestamp";s:1:"0";s:9:"copyright";s:0:"";s:12:"focal_length";s:1:"0";s:3:"iso";s:1:"0";s:13:"shutter_speed";s:1:"0";s:5:"title";s:0:"";s:11:"orientation";s:1:"0";s:8:"keywords";a:0:{}}}]]></wp:meta_value>
		</wp:postmeta>
							</item>
					<item>
		<title><![CDATA[image-7]]></title>
		<link>http://space520.42web.io/2023/01/10/%e3%80%90python%e3%80%917%e4%b8%aa%e9%9a%8f%e6%9c%ba%e4%ba%8c%e6%ac%a1%e5%85%83%e5%9b%be%e7%89%87api%e6%8e%a5%e5%8f%a3%e6%b1%87%e6%80%bb%ef%bc%88%e9%99%84%e7%bd%91%e9%a1%b5%e8%b0%83%e7%94%a8%e7%a4%ba/image-7/</link>
		<pubDate>Tue, 10 Jan 2023 04:41:44 +0000</pubDate>
		<dc:creator><![CDATA[space520]]></dc:creator>
		<guid isPermaLink="false">http://space520.42web.io/wp-content/uploads/2023/01/image-7.png</guid>
		<description></description>
		<content:encoded><![CDATA[]]></content:encoded>
		<excerpt:encoded><![CDATA[]]></excerpt:encoded>
		<wp:post_id>268</wp:post_id>
		<wp:post_date><![CDATA[2023-01-10 04:41:44]]></wp:post_date>
		<wp:post_date_gmt><![CDATA[2023-01-10 04:41:44]]></wp:post_date_gmt>
		<wp:post_modified><![CDATA[2023-01-10 04:41:44]]></wp:post_modified>
		<wp:post_modified_gmt><![CDATA[2023-01-10 04:41:44]]></wp:post_modified_gmt>
		<wp:comment_status><![CDATA[open]]></wp:comment_status>
		<wp:ping_status><![CDATA[closed]]></wp:ping_status>
		<wp:post_name><![CDATA[image-7]]></wp:post_name>
		<wp:status><![CDATA[inherit]]></wp:status>
		<wp:post_parent>262</wp:post_parent>
		<wp:menu_order>0</wp:menu_order>
		<wp:post_type><![CDATA[attachment]]></wp:post_type>
		<wp:post_password><![CDATA[]]></wp:post_password>
		<wp:is_sticky>0</wp:is_sticky>
						<wp:attachment_url><![CDATA[http://space520.42web.io/wp-content/uploads/2023/01/image-7.png]]></wp:attachment_url>
											<wp:postmeta>
		<wp:meta_key><![CDATA[_wp_attached_file]]></wp:meta_key>
		<wp:meta_value><![CDATA[2023/01/image-7.png]]></wp:meta_value>
		</wp:postmeta>
							<wp:postmeta>
		<wp:meta_key><![CDATA[_wp_attachment_metadata]]></wp:meta_key>
		<wp:meta_value><![CDATA[a:6:{s:5:"width";i:1920;s:6:"height";i:1080;s:4:"file";s:19:"2023/01/image-7.png";s:8:"filesize";i:1775201;s:5:"sizes";a:5:{s:6:"medium";a:5:{s:4:"file";s:19:"image-7-300x169.png";s:5:"width";i:300;s:6:"height";i:169;s:9:"mime-type";s:9:"image/png";s:8:"filesize";i:98029;}s:5:"large";a:5:{s:4:"file";s:20:"image-7-1024x576.png";s:5:"width";i:1024;s:6:"height";i:576;s:9:"mime-type";s:9:"image/png";s:8:"filesize";i:776260;}s:9:"thumbnail";a:5:{s:4:"file";s:19:"image-7-150x150.png";s:5:"width";i:150;s:6:"height";i:150;s:9:"mime-type";s:9:"image/png";s:8:"filesize";i:44702;}s:12:"medium_large";a:5:{s:4:"file";s:19:"image-7-768x432.png";s:5:"width";i:768;s:6:"height";i:432;s:9:"mime-type";s:9:"image/png";s:8:"filesize";i:482291;}s:9:"1536x1536";a:5:{s:4:"file";s:20:"image-7-1536x864.png";s:5:"width";i:1536;s:6:"height";i:864;s:9:"mime-type";s:9:"image/png";s:8:"filesize";i:1481193;}}s:10:"image_meta";a:12:{s:8:"aperture";s:1:"0";s:6:"credit";s:0:"";s:6:"camera";s:0:"";s:7:"caption";s:0:"";s:17:"created_timestamp";s:1:"0";s:9:"copyright";s:0:"";s:12:"focal_length";s:1:"0";s:3:"iso";s:1:"0";s:13:"shutter_speed";s:1:"0";s:5:"title";s:0:"";s:11:"orientation";s:1:"0";s:8:"keywords";a:0:{}}}]]></wp:meta_value>
		</wp:postmeta>
							</item>
					<item>
		<title><![CDATA[image]]></title>
		<link>http://space520.42web.io/2023/01/10/%e3%80%90python%e3%80%917%e4%b8%aa%e9%9a%8f%e6%9c%ba%e4%ba%8c%e6%ac%a1%e5%85%83%e5%9b%be%e7%89%87api%e6%8e%a5%e5%8f%a3%e6%b1%87%e6%80%bb%ef%bc%88%e9%99%84%e7%bd%91%e9%a1%b5%e8%b0%83%e7%94%a8%e7%a4%ba/image-8/</link>
		<pubDate>Tue, 10 Jan 2023 04:48:18 +0000</pubDate>
		<dc:creator><![CDATA[space520]]></dc:creator>
		<guid isPermaLink="false">http://space520.42web.io/wp-content/uploads/2023/01/image.jpeg</guid>
		<description></description>
		<content:encoded><![CDATA[]]></content:encoded>
		<excerpt:encoded><![CDATA[]]></excerpt:encoded>
		<wp:post_id>269</wp:post_id>
		<wp:post_date><![CDATA[2023-01-10 04:48:18]]></wp:post_date>
		<wp:post_date_gmt><![CDATA[2023-01-10 04:48:18]]></wp:post_date_gmt>
		<wp:post_modified><![CDATA[2023-01-10 04:48:18]]></wp:post_modified>
		<wp:post_modified_gmt><![CDATA[2023-01-10 04:48:18]]></wp:post_modified_gmt>
		<wp:comment_status><![CDATA[open]]></wp:comment_status>
		<wp:ping_status><![CDATA[closed]]></wp:ping_status>
		<wp:post_name><![CDATA[image-8]]></wp:post_name>
		<wp:status><![CDATA[inherit]]></wp:status>
		<wp:post_parent>262</wp:post_parent>
		<wp:menu_order>0</wp:menu_order>
		<wp:post_type><![CDATA[attachment]]></wp:post_type>
		<wp:post_password><![CDATA[]]></wp:post_password>
		<wp:is_sticky>0</wp:is_sticky>
						<wp:attachment_url><![CDATA[http://space520.42web.io/wp-content/uploads/2023/01/image.jpeg]]></wp:attachment_url>
											<wp:postmeta>
		<wp:meta_key><![CDATA[_wp_attached_file]]></wp:meta_key>
		<wp:meta_value><![CDATA[2023/01/image.jpeg]]></wp:meta_value>
		</wp:postmeta>
							<wp:postmeta>
		<wp:meta_key><![CDATA[_wp_attachment_metadata]]></wp:meta_key>
		<wp:meta_value><![CDATA[a:6:{s:5:"width";i:2048;s:6:"height";i:1152;s:4:"file";s:18:"2023/01/image.jpeg";s:8:"filesize";i:764808;s:5:"sizes";a:5:{s:6:"medium";a:5:{s:4:"file";s:18:"image-300x169.jpeg";s:5:"width";i:300;s:6:"height";i:169;s:9:"mime-type";s:10:"image/jpeg";s:8:"filesize";i:23060;}s:5:"large";a:5:{s:4:"file";s:19:"image-1024x576.jpeg";s:5:"width";i:1024;s:6:"height";i:576;s:9:"mime-type";s:10:"image/jpeg";s:8:"filesize";i:163565;}s:9:"thumbnail";a:5:{s:4:"file";s:18:"image-150x150.jpeg";s:5:"width";i:150;s:6:"height";i:150;s:9:"mime-type";s:10:"image/jpeg";s:8:"filesize";i:11451;}s:12:"medium_large";a:5:{s:4:"file";s:18:"image-768x432.jpeg";s:5:"width";i:768;s:6:"height";i:432;s:9:"mime-type";s:10:"image/jpeg";s:8:"filesize";i:102588;}s:9:"1536x1536";a:5:{s:4:"file";s:19:"image-1536x864.jpeg";s:5:"width";i:1536;s:6:"height";i:864;s:9:"mime-type";s:10:"image/jpeg";s:8:"filesize";i:287047;}}s:10:"image_meta";a:12:{s:8:"aperture";s:1:"0";s:6:"credit";s:0:"";s:6:"camera";s:0:"";s:7:"caption";s:0:"";s:17:"created_timestamp";s:1:"0";s:9:"copyright";s:0:"";s:12:"focal_length";s:1:"0";s:3:"iso";s:1:"0";s:13:"shutter_speed";s:1:"0";s:5:"title";s:0:"";s:11:"orientation";s:1:"0";s:8:"keywords";a:0:{}}}]]></wp:meta_value>
		</wp:postmeta>
							</item>
				</channel>
</rss>
	