{"argon_theme_color":"#009688","argon_theme_color_hex_preview":"#009688","argon_show_customize_theme_color_picker":true,"argon_enable_immersion_color":"true","argon_darkmode_autoswitch":"time","argon_enable_amoled_dark":"false","argon_card_radius":"20","argon_card_shadow":"default","argon_page_layout":"double","argon_article_list_waterflow":"2","argon_article_list_layout":"1","argon_font":"serif","argon_assets_path":"sourcegcdn","argon_custom_assets_path":"","argon_wp_path":"/","argon_dateformat":"YMD","argon_enable_headroom":"false","argon_toolbar_title":"Space520","argon_toolbar_icon":"","argon_toolbar_icon_link":"","argon_toolbar_blur":"true","argon_banner_title":"Space520","argon_banner_subtitle":"让子弹飞一会儿！","argon_banner_size":"fullscreen","argon_page_background_banner_style":"transparent","argon_show_toolbar_mask":true,"argon_banner_background_url":"--bing--","argon_banner_background_color_type":"shape-primary","argon_banner_background_hide_shapes":true,"argon_enable_banner_title_typing_effect":"true","argon_banner_typing_effect_interval":"180","argon_page_background_url":"https://api.yimian.xyz/img","argon_page_background_dark_url":"https://api.yimian.xyz/img","argon_page_background_opacity":"1","argon_sidebar_banner_title":"Space520","argon_sidebar_banner_subtitle":"--hitokoto--","argon_sidebar_auther_name":"Space520","argon_sidebar_auther_image":"http://space520.42web.io/wp-content/uploads/2023/01/img_611_900x897_350_null_normal-1.jpg","argon_sidebar_author_description":"","argon_sidebar_announcement":"","argon_fab_show_settings_button":"true","argon_fab_show_darkmode_button":"true","argon_fab_show_gotocomment_button":"false","argon_seo_description":"","argon_seo_keywords":"一个小网站","argon_article_meta":"views|time|comments|categories","argon_show_readingtime":"true","argon_reading_speed":"300","argon_reading_speed_en":"160","argon_reading_speed_code":"20","argon_show_thumbnail_in_banner_in_content_page":"false","argon_first_image_as_thumbnail_by_default":"false","argon_reference_list_title":"参考","argon_show_sharebtn":"true","argon_show_headindex_number":"false","argon_donate_qrcode_url":"","argon_additional_content_after_post":"","argon_related_post":"category,tag","argon_related_post_sort_orderby":"meta_value_num","argon_related_post_sort_order":"DESC","argon_related_post_limit":"5","argon_article_header_style":"article-header-style-1","argon_outdated_info_time_type":"modifiedtime","argon_outdated_info_days":"1","argon_outdated_info_tip_type":"toast","argon_outdated_info_tip_content":"本文最后更新于 %date_delta% 天前，本文最后更新于%modify_date_delta% 天前，其中的信息可能已经过时，如有错误请发送邮件到god_2077@outlook.com","argon_archives_timeline_show_month":"true","argon_archives_timeline_url":"http://space520.42web.io/category/%e6%89%80%e6%9c%89%e6%96%87%e7%ab%a0/","argon_footer_html":"<style>\n/* 核心样式 */\n.github-badge {\ndisplay: inline-block;\nborder-radius: 4px;\ntext-shadow: none;\nfont-size: 13.1px;\ncolor: #fff;\nline-height: 15px;\nmargin-bottom: 5px;\nfont-family: \"Open Sans\", sans-serif;\n}\n.github-badge .badge-subject {\ndisplay: inline-block;\nbackground-color: #4d4d4d;\npadding: 4px 4px 4px 6px;\nborder-top-left-radius: 4px;\nborder-bottom-left-radius: 4px;\nfont-family: \"Open Sans\", sans-serif;\n}\n.github-badge .badge-value {\ndisplay: inline-block;\npadding: 4px 6px 4px 4px;\nborder-top-right-radius: 4px;\nborder-bottom-right-radius: 4px;\nfont-family: \"Open Sans\", sans-serif;\n}\n.github-badge-big {\ndisplay: inline-block;\nborder-radius: 6px;\ntext-shadow: none;\nfont-size: 14.1px;\ncolor: #fff;\nline-height: 18px;\nmargin-bottom: 7px;\n}\n.github-badge-big .badge-subject {\ndisplay: inline-block;\nbackground-color: #4d4d4d;\npadding: 4px 4px 4px 6px;\nborder-top-left-radius: 4px;\nborder-bottom-left-radius: 4px;\n}\n.github-badge-big .badge-value {\ndisplay: inline-block;\npadding: 4px 6px 4px 4px;\nborder-top-right-radius: 4px;\nborder-bottom-right-radius: 4px;\n}\n.bg-orange {\nbackground-color: #ec8a64 !important;\n}\n.bg-red {\nbackground-color: #cb7574 !important;\n}\n.bg-apricots {\nbackground-color: #f7c280 !important;\n}\n.bg-casein {\nbackground-color: #dfe291 !important;\n}\n.bg-shallots {\nbackground-color: #97c3c6 !important;\n}\n.bg-ogling {\nbackground-color: #95c7e0 !important;\n}\n.bg-haze {\nbackground-color: #9aaec7 !important;\n}\n.bg-mountain-terrier {\nbackground-color: #99a5cd !important;\n}\n</style>\n \n\n\n","argon_enable_code_highlight":"true","argon_code_theme":"vs2015","argon_code_highlight_hide_linenumber":"true","argon_code_highlight_break_line":"false","argon_code_highlight_transparent_linenumber":"false","argon_math_render":"none","argon_mathjax_cdn_url":"//cdn.jsdelivr.net/npm/mathjax@3/es5/tex-chtml-full.js","argon_mathjax_v2_cdn_url":"//cdn.jsdelivr.net/npm/mathjax@2.7.5/MathJax.js?config=TeX-AMS_HTML","argon_katex_cdn_url":"//cdn.jsdelivr.net/npm/katex@0.11.1/dist/","argon_enable_lazyload":"true","argon_lazyload_threshold":"800","argon_lazyload_effect":"fadeIn","argon_lazyload_loading_style":"11","argon_enable_fancybox":"true","argon_enable_zoomify":"false","argon_zoomify_duration":"200","argon_zoomify_easing":"cubic-bezier(0.4,0,0,1)","argon_zoomify_scale":"0.9","argon_enable_pangu":"article","argon_custom_html_head":"","argon_custom_html_foot":"<!--看板娘开始-->\n<script src=\"https://fastly.jsdelivr.net/gh/stevenjoezhang/live2d-widget@latest/autoload.js\"></script>\n<!--看板娘结束-->\n<!--网站输入撒花效果开始-->\n<script src=\"https://fastly.jsdelivr.net/gh/huangwb8/bloghelper@latest/js/input-with-fire.js\"></script>\n<!--网站输入撒花效果结束-->\n\n<!--已失效-->\n<!--\n<link rel=\"stylesheet\" href=\"https://cdn.jsdelivr.net/npm/aplayer/dist/APlayer.min.css\">\n<script src=\"https://cdn.jsdelivr.net/npm/aplayer/dist/APlayer.min.js\"></script>\n<script src=\"https://cdn.jsdelivr.net/npm/meting@2.0.1/dist/Meting.min.js\"></script>\n \n<meting-js \n    server=\"netease\" \n    type=\"playlist\" \n    id=\"8062043384\"\n    fixed=\"true\" \n    mini=\"true\"\n    order=\"random\"\n    loop=\"all\"\n    preload=\"auto\"\n    list-folded=\"false\">\n</meting-js>\n-->\n\n\n","argon_enable_smoothscroll_type":"1_pulse","argon_enable_into_article_animation":"true","argon_disable_pjax_animation":"false","argon_comment_pagination_type":"feed","argon_comment_emotion_keyboard":"true","argon_hide_name_email_site_input":"false","argon_comment_need_captcha":"true","argon_get_captcha_by_ajax":"false","argon_comment_allow_markdown":"true","argon_comment_allow_editing":"true","argon_comment_allow_privatemode":"true","argon_comment_allow_mailnotice":"true","argon_comment_mailnotice_checkbox_checked":true,"argon_comment_enable_qq_avatar":"true","argon_comment_avatar_vcenter":"false","argon_who_can_visit_comment_edit_history":"admin","argon_enable_comment_pinning":"true","argon_enable_comment_upvote":"true","argon_comment_ua":"platform,browser,version","argon_show_comment_parent_info":"true","argon_fold_long_comments":"true","argon_gravatar_cdn":"gravatar.pho.ink/avatar/","argon_text_gravatar":"true","argon_enable_search_filters":"true","argon_search_filters_type":"*shuoshuo,*post,page","argon_pjax_disabled":"false","argon_hide_categories":"","argon_enable_login_css":"true","argon_home_show_shuoshuo":"true","argon_fold_long_shuoshuo":"true","argon_enable_timezone_fix":"true","argon_hide_shortcode_in_preview":"false","argon_trim_words_count":"0","argon_enable_mobile_scale":"false","argon_disable_googlefont":"false","argon_disable_codeblock_style":"false","argon_update_source":"stop","argon_hide_footer_author":"true"}